simulator,variant,status,wall_s,sim_reported_s,compile_s,n_steps,us_per_step,notes
vacask,,ok,1.269299253995996,1.26347,,1005006,1.2571765740702046,
ngspice,,ok,1.3484419489977881,1.342,,1006013,1.3339787855624132,
circulax,,ok,6.614474205998704,,0.5294854179956019,1000000,6.614474205998704,
