simulator,variant,status,wall_s,sim_reported_s,compile_s,n_steps,us_per_step,notes
vacask,,ok,0.9901296090101823,0.973519,,1005006,0.9686698387870321,
ngspice,,ok,1.2171071659540758,1.207,,1006013,1.1997856886541227,
circulax,,ok,4.040527692006435,,0.6095020579523407,1000000,4.040527692006435,
