simulator,variant,status,wall_s,sim_reported_s,compile_s,n_steps,us_per_step,notes
vacask,,ok,1.0795680450100917,1.07588,,1005006,1.0705209720140973,
ngspice,,ok,1.072203935997095,1.064,,1006013,1.0576404082253412,
circulax,,ok,4.4998907660046825,,0.479246934002731,1000000,4.4998907660046825,
