simulator,variant,status,wall_s,sim_reported_s,compile_s,n_steps,us_per_step,notes
vacask,,ok,1.0356210739992093,1.03151,,500056,2.062788967635625,
ngspice,,ok,1.1067700410058023,1.103,,500467,2.2039415186216074,
circulax,,ok,0.4797888039902318,,0.5467537070071558,500000,0.9595776079804635,
