simulator,variant,status,wall_s,sim_reported_s,compile_s,n_steps,us_per_step,notes
vacask,,ok,1.0468757119961083,1.04173,,500056,2.0832266786119957,
ngspice,,ok,1.0575422689435072,1.053,,500467,2.104034831467409,
circulax,,ok,0.6833181920228526,,0.7896788939833641,500000,1.3666363840457052,
