simulator,variant,status,wall_s,sim_reported_s,compile_s,n_steps,us_per_step,notes
vacask,,ok,1.0175174019823316,1.01317,,500056,2.0261130753355623,
ngspice,,ok,1.0047160680114757,1.0,,500467,1.9981337430839596,
circulax,,ok,0.5690012820123229,,0.5874736639962066,500000,1.1380025640246458,
