simulator,n_stages,variant,status,wall_s,sim_reported_s,compile_s,dc_s,n_steps,us_per_step,freq_MHz,sys_size,notes
vacask,3,,ok,0.6945190759724937,0.687977,,,30103,22.85410092017407,910.0946197566417,,
ngspice,3,,ok,0.9079025599639863,0.904,,,21069,42.9066400873321,,,
circulax_osdi,3,osdi,ok,1.6898625870235264,,0.587151863030158,0.49442977603757754,20000,84.49312935117632,913.4924324999175,20,
vacask,9,,ok,1.4910900819813833,1.48624,,,24764,60.01615247940559,289.59783036108695,,
ngspice,9,,ok,2.1489321290282533,2.145,,,20576,104.24766718506999,,,
circulax_osdi,9,osdi,ok,3.534156247973442,,0.7259978629881516,0.3809497789479792,20000,176.7078123986721,288.8829781511508,50,
vacask,15,,ok,2.460837143007666,2.45572,,,23465,104.65459194545068,173.69632092024892,,
ngspice,15,,ok,27.34614880901063,27.342,,,20878,1309.6082000191589,,,
circulax_osdi,15,osdi,ok,5.017593273019884,,0.5330794129986316,0.41694017697591335,20000,250.87966365099422,173.78231077041372,80,
